sim,cov,a_id,a_name,b_id,b_name,gold
75.8,0.37,203,Noise Alt Watch 1 Smartwatch | 1.32" AMOLED Display | Built-in GPS | Noise AI | Bluetooth Calling | Up to 15 Days Battery (Chosen Black),369,T500 Smart Watch with Bluetooth Calling and Super AMOLED Display pack of 1 Smartwatch  (Black Strap, Free),
75.8,0.35,201,Redmi Watch Move Smartwatch with 1.85 Inch AMOLED Display | Bluetooth Calling | 140+ Sports Modes | Up to 14 Days Battery | HyperOS (Drift Black),369,T500 Smart Watch with Bluetooth Calling and Super AMOLED Display pack of 1 Smartwatch  (Black Strap, Free),
47.3,0.13,327,THRIFTKART - Usb To Type C  Cable, 3AMP 120W Fast Charging Cable With High-Speed Data Transfer & Sync Cord Compatible With All Smartphones And Devices (White,1 Meter),93,Portronics Toad 101 Wired Optical Mouse | USB Connectivity | 1200 DPI | 1.35m Cable | Ambidextrous Design (Black),
56.2,0.13,199,Samsung Galaxy Watch 9 40mm Bluetooth Smartwatch | Super AMOLED Display | 32GB Storage (Graphite),376,HEDU Ultra Max Smart Watch 24k Gold 2.01 Inch HD Smartwatch Smart Watch | Sleep Monitor | Distance Tracker | Calendaring | Sedentar,
64.0,0.26,165,Sony WF-C710N True Wireless Earbuds | Dual Noise Cancelling | AI Call Quality | Up to 40 Hours Playback | Bluetooth v5.3 (Black),362,Neo N888 EARBUDS Bluetooth True Wireless (TWS) On Ear 4 Hours Playback Active Noise cancellation IPX4(Splash & Sweat Proof) Blue,
46.2,0.12,88,Lenovo Yoga Slim 7 Aura Edition Laptop (Intel Core Ultra 5/ 16GB RAM/ 512GB SSD/ 14 Inch (35.56 cm) OLED WUXGA Display/ Intel Graphics/ Windows 11/ MS-Office/ Copilot+ PC) 83QM0047IN,368,SKYRISE Ultra Max Golden Edition Smartwatch | Heart Rate | Steps | Wireless Charging Smartwatch (Golden Strap, 2.09 Inch Big Sunlight Proof Display),
52.1,0.12,199,Samsung Galaxy Watch 9 40mm Bluetooth Smartwatch | Super AMOLED Display | 32GB Storage (Graphite),368,SKYRISE Ultra Max Golden Edition Smartwatch | Heart Rate | Steps | Wireless Charging Smartwatch (Golden Strap, 2.09 Inch Big Sunlight Proof Display),
52.6,0.12,197,Samsung Galaxy Watch 9 44mm Bluetooth Smartwatch | Super AMOLED Display | 32GB Storage (Graphite),379,Lorenz Soft Silicone Waterproof Smartwatch Strap for watch| Replacement Sports Band (Compatible with 42/44/45/49mm)– Black,
53.1,0.11,210,boAt Wave Sigma 3 Curv Smartwatch | 2.01" Curved Display | BT Calling | Health Monitoring | IP68 (Cyan Blue),371,OLIVE OPS Sports Edition Smartwatch | Heart Rate | Steps | Wireless Charging Smartwatch (Black-Grey Strap, 1.73 Inch Big Sunlight Proof Display),
55.4,0.13,209,boAt Ultima Summit Smartwatch | 1.43" AMOLED Display | Bluetooth Calling | 100+ Sports Modes | SOS (Onyx Black),367,GMPex Ultra Smartwatch with 7 Straps Calling Bluetooth Fitness,
46.2,0.05,189,Google Pixel Watch 5 |41mm Actua 360 AMOLED Display | Personalised Health & Fitness Tracking | Snapdragon W5 Gen 2 | Up to 48H Battery (Fog),374,SKYRISE Sports Edition Smartwatch | Heart Rate | Steps | Wireless Charging Smartwatch (Black Strap, 1.73 Inch Big Sunlight Proof Display),
56.4,0.16,203,Noise Alt Watch 1 Smartwatch | 1.32" AMOLED Display | Built-in GPS | Noise AI | Bluetooth Calling | Up to 15 Days Battery (Chosen Black),373,T 500 Smart Watch Series 8 For Men & Women Smartwatch  (Black Strap, Free Size),
46.9,0.10,185,Google Pixel Watch 5 | 45mm Actua 360 AMOLED Display | Personalised Health & Fitness Tracking | Snapdragon W5 Gen 2 | Up to 72H Battery (Fog),370,SKYRISE Limited Edition Smartwatch | Heart Rate | Steps | Wireless Charging Smartwatch (Black Strap, 2.09 Inch Big Sunlight Proof Display),
46.2,0.12,171,Zebronics Sound Feast 270 Portable Bluetooth Speaker | 60W RMS | TWS | Splash Proof (Grey Plus Silver),355,Neo AREAL MEE Bluetooth Bluetooth Neckband On Ear 30 Hours Playback Active Noise cancellation IPX4(Splash & Sweat Proof) Black,
45.0,0.05,189,Google Pixel Watch 5 |41mm Actua 360 AMOLED Display | Personalised Health & Fitness Tracking | Snapdragon W5 Gen 2 | Up to 48H Battery (Fog),379,Lorenz Soft Silicone Waterproof Smartwatch Strap for watch| Replacement Sports Band (Compatible with 42/44/45/49mm)– Black,
48.3,0.11,202,Noise Alt Watch 1 Smartwatch | 1.32" AMOLED Display | Built-in GPS | Noise AI | Bluetooth Calling | Up to 15 Days Battery (Chosen Green),379,Lorenz Soft Silicone Waterproof Smartwatch Strap for watch| Replacement Sports Band (Compatible with 42/44/45/49mm)– Black,
57.0,0.19,209,boAt Ultima Summit Smartwatch | 1.43" AMOLED Display | Bluetooth Calling | 100+ Sports Modes | SOS (Onyx Black),370,SKYRISE Limited Edition Smartwatch | Heart Rate | Steps | Wireless Charging Smartwatch (Black Strap, 2.09 Inch Big Sunlight Proof Display),
47.9,0.13,206,Noise Halo 3 Smartwatch | 1.43" AMOLED Display | AI Pro | AI Transcription | 7-Day Battery (Rich Black),381,GMPex Ultra Smartwatch Calling Bluetooth Fitness with Golden & Black Strap,
50.0,0.10,184,Google Pixel Watch 5 | 45mm Actua 360 AMOLED Display | Personalised Health & Fitness Tracking | Snapdragon W5 Gen 2 | Up to 72H Battery (Obsidian),376,HEDU Ultra Max Smart Watch 24k Gold 2.01 Inch HD Smartwatch Smart Watch | Sleep Monitor | Distance Tracker | Calendaring | Sedentar,
62.4,0.18,156,Bose Wireless Quietcomfort Headphones With Up to 24 Hours of Battery Life, Noise Cancellation (White Smoke),358,Neo SH 12 On Ear Bluetooth Headphone 8 Hours Playback IPX4(Splash & Sweat Proof) Active Noise cancellation -Bluetooth Black,
63.2,0.24,156,Bose Wireless Quietcomfort Headphones With Up to 24 Hours of Battery Life, Noise Cancellation (White Smoke),346,Neo HEDU SH12 Bluetooth Bluetooth Headphone On Ear 2 Hours Playback Active Noise cancellation IPX4(Splash & Sweat Proof) White,
56.7,0.16,162,Sony WF-C710N True Wireless Earbuds | Dual Noise Cancelling | AI Call Quality | Up to 40 Hours Playback | Bluetooth v5.3 (Pink),356,Neo P9 Bluetooth Bluetooth Headphone On Ear 2 Hours Playback Active Noise cancellation IPX4(Splash & Sweat Proof) White,
53.2,0.15,191,Samsung Galaxy Watch 9 44mm LTE Smartwatch | Super AMOLED Display | 32GB Storage (Silver),373,T 500 Smart Watch Series 8 For Men & Women Smartwatch  (Black Strap, Free Size),
53.0,0.10,201,Redmi Watch Move Smartwatch with 1.85 Inch AMOLED Display | Bluetooth Calling | 140+ Sports Modes | Up to 14 Days Battery | HyperOS (Drift Black),372,HEDU ALOMED Ultra Max Smart Watch 24k Gold 2.01 Inch HD Smartwatch Smart Watch | Sleep Monitor | Distance Tracker | Calendaring | Sedentary,
48.9,0.12,172,Zebronics Sound Feast 270 Portable Bluetooth Speaker | 60W RMS | TWS | Splash Proof (Silver Plus Orange),346,Neo HEDU SH12 Bluetooth Bluetooth Headphone On Ear 2 Hours Playback Active Noise cancellation IPX4(Splash & Sweat Proof) White,
47.8,0.11,153,CMF Buds 2 TWS Earbuds | AI Noise Cancellation, 12.4mm Drivers, Fast Charging, Bluetooth 5.3, IP54 Rated (Light Grey),349,Vertical9 Wireless Bluetooth Bluetooth Headphone Over Ear 6 Hours Playback Active Noise cancellation IPX4(Splash & Sweat Proof) Multicolor,
63.8,0.18,195,Samsung Galaxy Watch Ultra 2 LTE Smartwatch | 47mm Super AMOLED Display | Wear OS | 64GB Storage (Titanium Gray),377,T800 ULTRA Smart Watch No sim card Opetion Smartwatch NO sim card Smartwatch Smartwatch,
48.2,0.11,153,CMF Buds 2 TWS Earbuds | AI Noise Cancellation, 12.4mm Drivers, Fast Charging, Bluetooth 5.3, IP54 Rated (Light Grey),354,Neo A1 PLUS Bluetooth Bluetooth Neckband On Ear 40 Hours Playback Active Noise cancellation IPX4(Splash & Sweat Proof) Green,
53.7,0.12,198,Samsung Galaxy Watch 9 40mm LTE Smartwatch | Super AMOLED Display | 32GB Storage (Graphite),372,HEDU ALOMED Ultra Max Smart Watch 24k Gold 2.01 Inch HD Smartwatch Smart Watch | Sleep Monitor | Distance Tracker | Calendaring | Sedentary,
46.6,0.06,318,Hybite Premium Selfie Stick, Blue tooth Extendable Selfie Stick Tri pod with Led Light Wireless Remote and Portable Tri pod Stand Compatible for All iPhone and Android Smartphone,83,Portronics My Buddy K11 Foldable Metal Laptop Stand | 360° Rotating Base | Height Adjustable | Supports up to 17 Inch Laptops (Black),
47.2,0.06,166,Bose QuietComfort Ultra Earbuds (2nd Gen) True Wireless Earbuds | Immersive Audio | Adjustable Noise Cancelling (Black),361,Vertical9 Long Backup Bluetooth Bluetooth Headphone Over Ear 6 Hours Playback Active Noise cancellation IPX4(Splash & Sweat Proof) Multicolor,
46.7,0.05,175,JBL Flip 7 Portable Wireless Bluetooth Speaker | Bold Pro Sound with AI Sound Boost | 16H Playtime | IP68 Water & Dustproof | Auracast Multi-Speaker Connect (Blue),308,Faymla Hongli Lithium Ion 1200mAH Rechargeable Cell Batteries, LED, Bluetooth Speaker, Laptops, Power Bank & Torch, Flat Top, 3.7V, (Pack-of-2),
