run,product_a_id,product_a_name,product_b_id,product_b_name,confidence
2026-08-17T16:10:16Z,341,Casa Furnishing Single PVC LED/LCD Television Cover for 32 Inch (Universal) TV Cover,410,"Unbranded Die Iron Television Mounting stand, Warranty 1 year NA (LED TV MOUNTING STAND FOR 32 INCH LED)",62.03
2026-08-17T16:10:16Z,153,"CMF Buds 2 TWS Earbuds | AI Noise Cancellation, 12.4mm Drivers, Fast Charging, Bluetooth 5.3, IP54 Rated (Light Grey)",362,Neo N888 EARBUDS Bluetooth True Wireless (TWS) On Ear 4 Hours Playback Active Noise cancellation IPX4(Splash & Sweat Proof) Blue,58.62
2026-08-17T16:10:16Z,153,"CMF Buds 2 TWS Earbuds | AI Noise Cancellation, 12.4mm Drivers, Fast Charging, Bluetooth 5.3, IP54 Rated (Light Grey)",364,"TWS Wireless Bluetooth Earbuds, TWS Earbuds, Headphone Bluetooth, earbuds under 300",59.15
2026-08-17T16:10:16Z,154,Portronics Harmonics Z5 Wireless Neckband | 33 Hours Playback | Bluetooth 5.2 | 14.2mm Drivers (Black),354,Neo A1 PLUS Bluetooth Bluetooth Neckband On Ear 40 Hours Playback Active Noise cancellation IPX4(Splash & Sweat Proof) Green,56.59
2026-08-17T16:10:16Z,154,Portronics Harmonics Z5 Wireless Neckband | 33 Hours Playback | Bluetooth 5.2 | 14.2mm Drivers (Black),355,Neo AREAL MEE Bluetooth Bluetooth Neckband On Ear 30 Hours Playback Active Noise cancellation IPX4(Splash & Sweat Proof) Black,59.9
2026-08-17T16:10:16Z,154,Portronics Harmonics Z5 Wireless Neckband | 33 Hours Playback | Bluetooth 5.2 | 14.2mm Drivers (Black),358,Neo SH 12 On Ear Bluetooth Headphone 8 Hours Playback IPX4(Splash & Sweat Proof) Active Noise cancellation -Bluetooth Black,57.14
2026-08-17T16:10:16Z,154,Portronics Harmonics Z5 Wireless Neckband | 33 Hours Playback | Bluetooth 5.2 | 14.2mm Drivers (Black),365,"COREGENIX BQ40 Bluetooth True Wireless (TWS) In Ear 30 Hours Playback Magnetic earpeice,Low Latency IPX4(Splash & Sweat Proof) Black",58.65
2026-08-17T16:10:16Z,155,Bose QuietComfort Ultra Wireless Headphones (2nd Gen) | Personalized Audio | Active Noise Cancelling | Up to 30 Hours Playback (Black),346,Neo HEDU SH12 Bluetooth Bluetooth Headphone On Ear 2 Hours Playback Active Noise cancellation IPX4(Splash & Sweat Proof) White,61.6
2026-08-17T16:10:16Z,155,Bose QuietComfort Ultra Wireless Headphones (2nd Gen) | Personalized Audio | Active Noise Cancelling | Up to 30 Hours Playback (Black),348,Neo BT 700 Bluetooth True Wireless (TWS) On Ear 5 Hours Playback Active Noise cancellation IPX4(Splash & Sweat Proof) Assorted,61.22
2026-08-17T16:10:16Z,155,Bose QuietComfort Ultra Wireless Headphones (2nd Gen) | Personalized Audio | Active Noise Cancelling | Up to 30 Hours Playback (Black),349,Vertical9 Wireless Bluetooth Bluetooth Headphone Over Ear 6 Hours Playback Active Noise cancellation IPX4(Splash & Sweat Proof) Multicolor,63.45
2026-08-17T16:10:16Z,155,Bose QuietComfort Ultra Wireless Headphones (2nd Gen) | Personalized Audio | Active Noise Cancelling | Up to 30 Hours Playback (Black),350,Neo P9 Bluetooth Bluetooth Headphone On Ear 2 Hours Playback Active Noise cancellation IPX4(Splash & Sweat Proof),61.61
2026-08-17T16:10:16Z,155,Bose QuietComfort Ultra Wireless Headphones (2nd Gen) | Personalized Audio | Active Noise Cancelling | Up to 30 Hours Playback (Black),352,"U7 Tws Headphone, 30 hours of Playback and Deep Bass, Gaming, Fast Charging & Low Latency IPX7 (Water Resistant)",55.02
2026-08-17T16:10:16Z,155,Bose QuietComfort Ultra Wireless Headphones (2nd Gen) | Personalized Audio | Active Noise Cancelling | Up to 30 Hours Playback (Black),353,OLIVEOPS P9 Green Headphones Bluetooth Bluetooth Headphone On Ear 4 Hours Playback Active Noise cancellation IPX4(Splash & Sweat Proof) Green,60.98
2026-08-17T16:10:16Z,155,Bose QuietComfort Ultra Wireless Headphones (2nd Gen) | Personalized Audio | Active Noise Cancelling | Up to 30 Hours Playback (Black),354,Neo A1 PLUS Bluetooth Bluetooth Neckband On Ear 40 Hours Playback Active Noise cancellation IPX4(Splash & Sweat Proof) Green,57.87
2026-08-17T16:10:16Z,155,Bose QuietComfort Ultra Wireless Headphones (2nd Gen) | Personalized Audio | Active Noise Cancelling | Up to 30 Hours Playback (Black),355,Neo AREAL MEE Bluetooth Bluetooth Neckband On Ear 30 Hours Playback Active Noise cancellation IPX4(Splash & Sweat Proof) Black,60.76
2026-08-17T16:10:16Z,155,Bose QuietComfort Ultra Wireless Headphones (2nd Gen) | Personalized Audio | Active Noise Cancelling | Up to 30 Hours Playback (Black),356,Neo P9 Bluetooth Bluetooth Headphone On Ear 2 Hours Playback Active Noise cancellation IPX4(Splash & Sweat Proof) White,61.74
2026-08-17T16:10:16Z,155,Bose QuietComfort Ultra Wireless Headphones (2nd Gen) | Personalized Audio | Active Noise Cancelling | Up to 30 Hours Playback (Black),357,OLIVEOPS P9 Black Headphones Bluetooth Bluetooth Headphone On Ear 4 Hours Playback Active Noise cancellation IPX4(Splash & Sweat Proof) Black,64.23
2026-08-17T16:10:16Z,155,Bose QuietComfort Ultra Wireless Headphones (2nd Gen) | Personalized Audio | Active Noise Cancelling | Up to 30 Hours Playback (Black),358,Neo SH 12 On Ear Bluetooth Headphone 8 Hours Playback IPX4(Splash & Sweat Proof) Active Noise cancellation -Bluetooth Black,66.09
2026-08-17T16:10:16Z,155,Bose QuietComfort Ultra Wireless Headphones (2nd Gen) | Personalized Audio | Active Noise Cancelling | Up to 30 Hours Playback (Black),360,Neo P9 Bluetooth Bluetooth Headphone On Ear 2 Hours Playback Active Noise cancellation IPX4(Splash & Sweat Proof) Green,61.74
2026-08-17T16:10:16Z,155,Bose QuietComfort Ultra Wireless Headphones (2nd Gen) | Personalized Audio | Active Noise Cancelling | Up to 30 Hours Playback (Black),361,Vertical9 Long Backup Bluetooth Bluetooth Headphone Over Ear 6 Hours Playback Active Noise cancellation IPX4(Splash & Sweat Proof) Multicolor,62.7
2026-08-17T16:10:16Z,155,Bose QuietComfort Ultra Wireless Headphones (2nd Gen) | Personalized Audio | Active Noise Cancelling | Up to 30 Hours Playback (Black),362,Neo N888 EARBUDS Bluetooth True Wireless (TWS) On Ear 4 Hours Playback Active Noise cancellation IPX4(Splash & Sweat Proof) Blue,59.92
2026-08-17T16:10:16Z,156,"Bose Wireless Quietcomfort Headphones With Up to 24 Hours of Battery Life, Noise Cancellation (White Smoke)",346,Neo HEDU SH12 Bluetooth Bluetooth Headphone On Ear 2 Hours Playback Active Noise cancellation IPX4(Splash & Sweat Proof) White,62.67
2026-08-17T16:10:16Z,156,"Bose Wireless Quietcomfort Headphones With Up to 24 Hours of Battery Life, Noise Cancellation (White Smoke)",348,Neo BT 700 Bluetooth True Wireless (TWS) On Ear 5 Hours Playback Active Noise cancellation IPX4(Splash & Sweat Proof) Assorted,56.0
2026-08-17T16:10:16Z,156,"Bose Wireless Quietcomfort Headphones With Up to 24 Hours of Battery Life, Noise Cancellation (White Smoke)",349,Vertical9 Wireless Bluetooth Bluetooth Headphone Over Ear 6 Hours Playback Active Noise cancellation IPX4(Splash & Sweat Proof) Multicolor,63.76
2026-08-17T16:10:16Z,156,"Bose Wireless Quietcomfort Headphones With Up to 24 Hours of Battery Life, Noise Cancellation (White Smoke)",350,Neo P9 Bluetooth Bluetooth Headphone On Ear 2 Hours Playback Active Noise cancellation IPX4(Splash & Sweat Proof),59.8
2026-08-17T16:10:16Z,156,"Bose Wireless Quietcomfort Headphones With Up to 24 Hours of Battery Life, Noise Cancellation (White Smoke)",353,OLIVEOPS P9 Green Headphones Bluetooth Bluetooth Headphone On Ear 4 Hours Playback Active Noise cancellation IPX4(Splash & Sweat Proof) Green,58.41
2026-08-17T16:10:16Z,156,"Bose Wireless Quietcomfort Headphones With Up to 24 Hours of Battery Life, Noise Cancellation (White Smoke)",356,Neo P9 Bluetooth Bluetooth Headphone On Ear 2 Hours Playback Active Noise cancellation IPX4(Splash & Sweat Proof) White,63.81
2026-08-17T16:10:16Z,156,"Bose Wireless Quietcomfort Headphones With Up to 24 Hours of Battery Life, Noise Cancellation (White Smoke)",357,OLIVEOPS P9 Black Headphones Bluetooth Bluetooth Headphone On Ear 4 Hours Playback Active Noise cancellation IPX4(Splash & Sweat Proof) Black,59.29
2026-08-17T16:10:16Z,156,"Bose Wireless Quietcomfort Headphones With Up to 24 Hours of Battery Life, Noise Cancellation (White Smoke)",358,Neo SH 12 On Ear Bluetooth Headphone 8 Hours Playback IPX4(Splash & Sweat Proof) Active Noise cancellation -Bluetooth Black,58.22
2026-08-17T16:10:16Z,156,"Bose Wireless Quietcomfort Headphones With Up to 24 Hours of Battery Life, Noise Cancellation (White Smoke)",360,Neo P9 Bluetooth Bluetooth Headphone On Ear 2 Hours Playback Active Noise cancellation IPX4(Splash & Sweat Proof) Green,58.1
2026-08-17T16:10:16Z,156,"Bose Wireless Quietcomfort Headphones With Up to 24 Hours of Battery Life, Noise Cancellation (White Smoke)",361,Vertical9 Long Backup Bluetooth Bluetooth Headphone Over Ear 6 Hours Playback Active Noise cancellation IPX4(Splash & Sweat Proof) Multicolor,57.76
2026-08-17T16:10:16Z,156,"Bose Wireless Quietcomfort Headphones With Up to 24 Hours of Battery Life, Noise Cancellation (White Smoke)",362,Neo N888 EARBUDS Bluetooth True Wireless (TWS) On Ear 4 Hours Playback Active Noise cancellation IPX4(Splash & Sweat Proof) Blue,59.03
2026-08-17T16:10:16Z,157,Sony WF-C510 TWS Bluetooth Earbuds | 22Hrs Battery | Ambient Mode | IPX4 | in-Ear with Mic (Yellow),351,M19 Bluetooth 5.1 Earbuds in-Ear TWS Stereo Headphones with Smart LED,64.71
2026-08-17T16:10:16Z,157,Sony WF-C510 TWS Bluetooth Earbuds | 22Hrs Battery | Ambient Mode | IPX4 | in-Ear with Mic (Yellow),364,"TWS Wireless Bluetooth Earbuds, TWS Earbuds, Headphone Bluetooth, earbuds under 300",59.15
2026-08-17T16:10:16Z,158,Zebronics Pods B11 True Wireless Earbuds | Bluetooth v6.0 | 13mm Drivers | Up to 27 Hours Playback (Grey),348,Neo BT 700 Bluetooth True Wireless (TWS) On Ear 5 Hours Playback Active Noise cancellation IPX4(Splash & Sweat Proof) Assorted,57.8
2026-08-17T16:10:16Z,158,Zebronics Pods B11 True Wireless Earbuds | Bluetooth v6.0 | 13mm Drivers | Up to 27 Hours Playback (Grey),359,"COREGENIX JS270 Bluetooth True Wireless (TWS) On Ear 30 Hours Playback Low Latency,Powerfull bass IPX5(Splash & Sweat Proof) White",57.66
2026-08-17T16:10:16Z,158,Zebronics Pods B11 True Wireless Earbuds | Bluetooth v6.0 | 13mm Drivers | Up to 27 Hours Playback (Grey),362,Neo N888 EARBUDS Bluetooth True Wireless (TWS) On Ear 4 Hours Playback Active Noise cancellation IPX4(Splash & Sweat Proof) Blue,64.34
2026-08-17T16:10:16Z,158,Zebronics Pods B11 True Wireless Earbuds | Bluetooth v6.0 | 13mm Drivers | Up to 27 Hours Playback (Grey),364,"TWS Wireless Bluetooth Earbuds, TWS Earbuds, Headphone Bluetooth, earbuds under 300",68.42
2026-08-17T16:10:16Z,158,Zebronics Pods B11 True Wireless Earbuds | Bluetooth v6.0 | 13mm Drivers | Up to 27 Hours Playback (Grey),365,"COREGENIX BQ40 Bluetooth True Wireless (TWS) In Ear 30 Hours Playback Magnetic earpeice,Low Latency IPX4(Splash & Sweat Proof) Black",58.04
2026-08-17T16:10:16Z,159,Zebronics Pods B11 True Wireless Earbuds | Bluetooth v6.0 | 13mm Drivers | Up to 27 Hours Playback (Black),348,Neo BT 700 Bluetooth True Wireless (TWS) On Ear 5 Hours Playback Active Noise cancellation IPX4(Splash & Sweat Proof) Assorted,58.45
2026-08-17T16:10:16Z,159,Zebronics Pods B11 True Wireless Earbuds | Bluetooth v6.0 | 13mm Drivers | Up to 27 Hours Playback (Black),358,Neo SH 12 On Ear Bluetooth Headphone 8 Hours Playback IPX4(Splash & Sweat Proof) Active Noise cancellation -Bluetooth Black,55.07
2026-08-17T16:10:16Z,159,Zebronics Pods B11 True Wireless Earbuds | Bluetooth v6.0 | 13mm Drivers | Up to 27 Hours Playback (Black),359,"COREGENIX JS270 Bluetooth True Wireless (TWS) On Ear 30 Hours Playback Low Latency,Powerfull bass IPX5(Splash & Sweat Proof) White",56.5
2026-08-17T16:10:16Z,159,Zebronics Pods B11 True Wireless Earbuds | Bluetooth v6.0 | 13mm Drivers | Up to 27 Hours Playback (Black),362,Neo N888 EARBUDS Bluetooth True Wireless (TWS) On Ear 4 Hours Playback Active Noise cancellation IPX4(Splash & Sweat Proof) Blue,63.89
2026-08-17T16:10:16Z,159,Zebronics Pods B11 True Wireless Earbuds | Bluetooth v6.0 | 13mm Drivers | Up to 27 Hours Playback (Black),364,"TWS Wireless Bluetooth Earbuds, TWS Earbuds, Headphone Bluetooth, earbuds under 300",68.42
2026-08-17T16:10:16Z,159,Zebronics Pods B11 True Wireless Earbuds | Bluetooth v6.0 | 13mm Drivers | Up to 27 Hours Playback (Black),365,"COREGENIX BQ40 Bluetooth True Wireless (TWS) In Ear 30 Hours Playback Magnetic earpeice,Low Latency IPX4(Splash & Sweat Proof) Black",61.97
2026-08-17T16:10:16Z,160,Sony LinkBuds Fit WF-LS910N True Wireless Earbuds | Active Noise Cancelling | AI Call Quality | Bluetooth v5.3 (Black),348,Neo BT 700 Bluetooth True Wireless (TWS) On Ear 5 Hours Playback Active Noise cancellation IPX4(Splash & Sweat Proof) Assorted,61.47
2026-08-17T16:10:16Z,160,Sony LinkBuds Fit WF-LS910N True Wireless Earbuds | Active Noise Cancelling | AI Call Quality | Bluetooth v5.3 (Black),354,Neo A1 PLUS Bluetooth Bluetooth Neckband On Ear 40 Hours Playback Active Noise cancellation IPX4(Splash & Sweat Proof) Green,56.11
2026-08-17T16:10:16Z,160,Sony LinkBuds Fit WF-LS910N True Wireless Earbuds | Active Noise Cancelling | AI Call Quality | Bluetooth v5.3 (Black),355,Neo AREAL MEE Bluetooth Bluetooth Neckband On Ear 30 Hours Playback Active Noise cancellation IPX4(Splash & Sweat Proof) Black,62.78
2026-08-17T16:10:16Z,160,Sony LinkBuds Fit WF-LS910N True Wireless Earbuds | Active Noise Cancelling | AI Call Quality | Bluetooth v5.3 (Black),358,Neo SH 12 On Ear Bluetooth Headphone 8 Hours Playback IPX4(Splash & Sweat Proof) Active Noise cancellation -Bluetooth Black,56.62
2026-08-17T16:10:16Z,160,Sony LinkBuds Fit WF-LS910N True Wireless Earbuds | Active Noise Cancelling | AI Call Quality | Bluetooth v5.3 (Black),362,Neo N888 EARBUDS Bluetooth True Wireless (TWS) On Ear 4 Hours Playback Active Noise cancellation IPX4(Splash & Sweat Proof) Blue,61.8
2026-08-17T16:10:16Z,160,Sony LinkBuds Fit WF-LS910N True Wireless Earbuds | Active Noise Cancelling | AI Call Quality | Bluetooth v5.3 (Black),364,"TWS Wireless Bluetooth Earbuds, TWS Earbuds, Headphone Bluetooth, earbuds under 300",68.42
2026-08-17T16:10:16Z,161,"Sony WF-1000XM5 Truly Wireless Earbuds with HD Noise Cancellation, 3-minute Quick Charge, 24 Hours Battery Life, High-Res Audio (Pink)",348,Neo BT 700 Bluetooth True Wireless (TWS) On Ear 5 Hours Playback Active Noise cancellation IPX4(Splash & Sweat Proof) Assorted,56.8
2026-08-17T16:10:16Z,161,"Sony WF-1000XM5 Truly Wireless Earbuds with HD Noise Cancellation, 3-minute Quick Charge, 24 Hours Battery Life, High-Res Audio (Pink)",349,Vertical9 Wireless Bluetooth Bluetooth Headphone Over Ear 6 Hours Playback Active Noise cancellation IPX4(Splash & Sweat Proof) Multicolor,55.12
2026-08-17T16:10:16Z,161,"Sony WF-1000XM5 Truly Wireless Earbuds with HD Noise Cancellation, 3-minute Quick Charge, 24 Hours Battery Life, High-Res Audio (Pink)",362,Neo N888 EARBUDS Bluetooth True Wireless (TWS) On Ear 4 Hours Playback Active Noise cancellation IPX4(Splash & Sweat Proof) Blue,59.52
2026-08-17T16:10:16Z,162,Sony WF-C710N True Wireless Earbuds | Dual Noise Cancelling | AI Call Quality | Up to 40 Hours Playback | Bluetooth v5.3 (Pink),346,Neo HEDU SH12 Bluetooth Bluetooth Headphone On Ear 2 Hours Playback Active Noise cancellation IPX4(Splash & Sweat Proof) White,60.0
2026-08-17T16:10:16Z,162,Sony WF-C710N True Wireless Earbuds | Dual Noise Cancelling | AI Call Quality | Up to 40 Hours Playback | Bluetooth v5.3 (Pink),348,Neo BT 700 Bluetooth True Wireless (TWS) On Ear 5 Hours Playback Active Noise cancellation IPX4(Splash & Sweat Proof) Assorted,66.39
2026-08-17T16:10:16Z,162,Sony WF-C710N True Wireless Earbuds | Dual Noise Cancelling | AI Call Quality | Up to 40 Hours Playback | Bluetooth v5.3 (Pink),349,Vertical9 Wireless Bluetooth Bluetooth Headphone Over Ear 6 Hours Playback Active Noise cancellation IPX4(Splash & Sweat Proof) Multicolor,61.16
2026-08-17T16:10:16Z,162,Sony WF-C710N True Wireless Earbuds | Dual Noise Cancelling | AI Call Quality | Up to 40 Hours Playback | Bluetooth v5.3 (Pink),350,Neo P9 Bluetooth Bluetooth Headphone On Ear 2 Hours Playback Active Noise cancellation IPX4(Splash & Sweat Proof),60.83
2026-08-17T16:10:16Z,162,Sony WF-C710N True Wireless Earbuds | Dual Noise Cancelling | AI Call Quality | Up to 40 Hours Playback | Bluetooth v5.3 (Pink),353,OLIVEOPS P9 Green Headphones Bluetooth Bluetooth Headphone On Ear 4 Hours Playback Active Noise cancellation IPX4(Splash & Sweat Proof) Green,57.74
2026-08-17T16:10:16Z,162,Sony WF-C710N True Wireless Earbuds | Dual Noise Cancelling | AI Call Quality | Up to 40 Hours Playback | Bluetooth v5.3 (Pink),354,Neo A1 PLUS Bluetooth Bluetooth Neckband On Ear 40 Hours Playback Active Noise cancellation IPX4(Splash & Sweat Proof) Green,61.4
2026-08-17T16:10:16Z,162,Sony WF-C710N True Wireless Earbuds | Dual Noise Cancelling | AI Call Quality | Up to 40 Hours Playback | Bluetooth v5.3 (Pink),355,Neo AREAL MEE Bluetooth Bluetooth Neckband On Ear 30 Hours Playback Active Noise cancellation IPX4(Splash & Sweat Proof) Black,60.87
2026-08-17T16:10:16Z,162,Sony WF-C710N True Wireless Earbuds | Dual Noise Cancelling | AI Call Quality | Up to 40 Hours Playback | Bluetooth v5.3 (Pink),356,Neo P9 Bluetooth Bluetooth Headphone On Ear 2 Hours Playback Active Noise cancellation IPX4(Splash & Sweat Proof) White,60.99
2026-08-17T16:10:16Z,162,Sony WF-C710N True Wireless Earbuds | Dual Noise Cancelling | AI Call Quality | Up to 40 Hours Playback | Bluetooth v5.3 (Pink),357,OLIVEOPS P9 Black Headphones Bluetooth Bluetooth Headphone On Ear 4 Hours Playback Active Noise cancellation IPX4(Splash & Sweat Proof) Black,58.58
2026-08-17T16:10:16Z,162,Sony WF-C710N True Wireless Earbuds | Dual Noise Cancelling | AI Call Quality | Up to 40 Hours Playback | Bluetooth v5.3 (Pink),358,Neo SH 12 On Ear Bluetooth Headphone 8 Hours Playback IPX4(Splash & Sweat Proof) Active Noise cancellation -Bluetooth Black,60.18
2026-08-17T16:10:16Z,162,Sony WF-C710N True Wireless Earbuds | Dual Noise Cancelling | AI Call Quality | Up to 40 Hours Playback | Bluetooth v5.3 (Pink),359,"COREGENIX JS270 Bluetooth True Wireless (TWS) On Ear 30 Hours Playback Low Latency,Powerfull bass IPX5(Splash & Sweat Proof) White",57.02
2026-08-17T16:10:16Z,162,Sony WF-C710N True Wireless Earbuds | Dual Noise Cancelling | AI Call Quality | Up to 40 Hours Playback | Bluetooth v5.3 (Pink),360,Neo P9 Bluetooth Bluetooth Headphone On Ear 2 Hours Playback Active Noise cancellation IPX4(Splash & Sweat Proof) Green,59.19
2026-08-17T16:10:16Z,162,Sony WF-C710N True Wireless Earbuds | Dual Noise Cancelling | AI Call Quality | Up to 40 Hours Playback | Bluetooth v5.3 (Pink),361,Vertical9 Long Backup Bluetooth Bluetooth Headphone Over Ear 6 Hours Playback Active Noise cancellation IPX4(Splash & Sweat Proof) Multicolor,58.78
2026-08-17T16:10:16Z,162,Sony WF-C710N True Wireless Earbuds | Dual Noise Cancelling | AI Call Quality | Up to 40 Hours Playback | Bluetooth v5.3 (Pink),362,Neo N888 EARBUDS Bluetooth True Wireless (TWS) On Ear 4 Hours Playback Active Noise cancellation IPX4(Splash & Sweat Proof) Blue,70.83
2026-08-17T16:10:16Z,162,Sony WF-C710N True Wireless Earbuds | Dual Noise Cancelling | AI Call Quality | Up to 40 Hours Playback | Bluetooth v5.3 (Pink),364,"TWS Wireless Bluetooth Earbuds, TWS Earbuds, Headphone Bluetooth, earbuds under 300",68.42
2026-08-17T16:10:16Z,162,Sony WF-C710N True Wireless Earbuds | Dual Noise Cancelling | AI Call Quality | Up to 40 Hours Playback | Bluetooth v5.3 (Pink),365,"COREGENIX BQ40 Bluetooth True Wireless (TWS) In Ear 30 Hours Playback Magnetic earpeice,Low Latency IPX4(Splash & Sweat Proof) Black",60.66
2026-08-17T16:10:16Z,163,Sony WF-C710N True Wireless Earbuds | Dual Noise Cancelling | AI Call Quality | Up to 40 Hours Playback | Bluetooth v5.3 (White),346,Neo HEDU SH12 Bluetooth Bluetooth Headphone On Ear 2 Hours Playback Active Noise cancellation IPX4(Splash & Sweat Proof) White,60.61
2026-08-17T16:10:16Z,163,Sony WF-C710N True Wireless Earbuds | Dual Noise Cancelling | AI Call Quality | Up to 40 Hours Playback | Bluetooth v5.3 (White),348,Neo BT 700 Bluetooth True Wireless (TWS) On Ear 5 Hours Playback Active Noise cancellation IPX4(Splash & Sweat Proof) Assorted,66.11
2026-08-17T16:10:16Z,163,Sony WF-C710N True Wireless Earbuds | Dual Noise Cancelling | AI Call Quality | Up to 40 Hours Playback | Bluetooth v5.3 (White),349,Vertical9 Wireless Bluetooth Bluetooth Headphone Over Ear 6 Hours Playback Active Noise cancellation IPX4(Splash & Sweat Proof) Multicolor,60.91
2026-08-17T16:10:16Z,163,Sony WF-C710N True Wireless Earbuds | Dual Noise Cancelling | AI Call Quality | Up to 40 Hours Playback | Bluetooth v5.3 (White),350,Neo P9 Bluetooth Bluetooth Headphone On Ear 2 Hours Playback Active Noise cancellation IPX4(Splash & Sweat Proof),59.63
2026-08-17T16:10:16Z,163,Sony WF-C710N True Wireless Earbuds | Dual Noise Cancelling | AI Call Quality | Up to 40 Hours Playback | Bluetooth v5.3 (White),353,OLIVEOPS P9 Green Headphones Bluetooth Bluetooth Headphone On Ear 4 Hours Playback Active Noise cancellation IPX4(Splash & Sweat Proof) Green,56.67
2026-08-17T16:10:16Z,163,Sony WF-C710N True Wireless Earbuds | Dual Noise Cancelling | AI Call Quality | Up to 40 Hours Playback | Bluetooth v5.3 (White),354,Neo A1 PLUS Bluetooth Bluetooth Neckband On Ear 40 Hours Playback Active Noise cancellation IPX4(Splash & Sweat Proof) Green,59.39
2026-08-17T16:10:16Z,163,Sony WF-C710N True Wireless Earbuds | Dual Noise Cancelling | AI Call Quality | Up to 40 Hours Playback | Bluetooth v5.3 (White),355,Neo AREAL MEE Bluetooth Bluetooth Neckband On Ear 30 Hours Playback Active Noise cancellation IPX4(Splash & Sweat Proof) Black,59.74
2026-08-17T16:10:16Z,163,Sony WF-C710N True Wireless Earbuds | Dual Noise Cancelling | AI Call Quality | Up to 40 Hours Playback | Bluetooth v5.3 (White),356,Neo P9 Bluetooth Bluetooth Headphone On Ear 2 Hours Playback Active Noise cancellation IPX4(Splash & Sweat Proof) White,62.5
2026-08-17T16:10:16Z,163,Sony WF-C710N True Wireless Earbuds | Dual Noise Cancelling | AI Call Quality | Up to 40 Hours Playback | Bluetooth v5.3 (White),357,OLIVEOPS P9 Black Headphones Bluetooth Bluetooth Headphone On Ear 4 Hours Playback Active Noise cancellation IPX4(Splash & Sweat Proof) Black,57.5
2026-08-17T16:10:16Z,163,Sony WF-C710N True Wireless Earbuds | Dual Noise Cancelling | AI Call Quality | Up to 40 Hours Playback | Bluetooth v5.3 (White),358,Neo SH 12 On Ear Bluetooth Headphone 8 Hours Playback IPX4(Splash & Sweat Proof) Active Noise cancellation -Bluetooth Black,59.91
2026-08-17T16:10:16Z,163,Sony WF-C710N True Wireless Earbuds | Dual Noise Cancelling | AI Call Quality | Up to 40 Hours Playback | Bluetooth v5.3 (White),359,"COREGENIX JS270 Bluetooth True Wireless (TWS) On Ear 30 Hours Playback Low Latency,Powerfull bass IPX5(Splash & Sweat Proof) White",60.91
2026-08-17T16:10:16Z,163,Sony WF-C710N True Wireless Earbuds | Dual Noise Cancelling | AI Call Quality | Up to 40 Hours Playback | Bluetooth v5.3 (White),360,Neo P9 Bluetooth Bluetooth Headphone On Ear 2 Hours Playback Active Noise cancellation IPX4(Splash & Sweat Proof) Green,58.04
2026-08-17T16:10:16Z,163,Sony WF-C710N True Wireless Earbuds | Dual Noise Cancelling | AI Call Quality | Up to 40 Hours Playback | Bluetooth v5.3 (White),361,Vertical9 Long Backup Bluetooth Bluetooth Headphone Over Ear 6 Hours Playback Active Noise cancellation IPX4(Splash & Sweat Proof) Multicolor,57.72
2026-08-17T16:10:16Z,163,Sony WF-C710N True Wireless Earbuds | Dual Noise Cancelling | AI Call Quality | Up to 40 Hours Playback | Bluetooth v5.3 (White),362,Neo N888 EARBUDS Bluetooth True Wireless (TWS) On Ear 4 Hours Playback Active Noise cancellation IPX4(Splash & Sweat Proof) Blue,69.71
2026-08-17T16:10:16Z,163,Sony WF-C710N True Wireless Earbuds | Dual Noise Cancelling | AI Call Quality | Up to 40 Hours Playback | Bluetooth v5.3 (White),364,"TWS Wireless Bluetooth Earbuds, TWS Earbuds, Headphone Bluetooth, earbuds under 300",68.42
2026-08-17T16:10:16Z,163,Sony WF-C710N True Wireless Earbuds | Dual Noise Cancelling | AI Call Quality | Up to 40 Hours Playback | Bluetooth v5.3 (White),365,"COREGENIX BQ40 Bluetooth True Wireless (TWS) In Ear 30 Hours Playback Magnetic earpeice,Low Latency IPX4(Splash & Sweat Proof) Black",59.59
2026-08-17T16:10:16Z,164,Sony WF-C710N True Wireless Earbuds | Dual Noise Cancelling | AI Call Quality | Up to 40 Hours Playback | Bluetooth v5.3 (Blue),346,Neo HEDU SH12 Bluetooth Bluetooth Headphone On Ear 2 Hours Playback Active Noise cancellation IPX4(Splash & Sweat Proof) White,59.13
2026-08-17T16:10:16Z,164,Sony WF-C710N True Wireless Earbuds | Dual Noise Cancelling | AI Call Quality | Up to 40 Hours Playback | Bluetooth v5.3 (Blue),348,Neo BT 700 Bluetooth True Wireless (TWS) On Ear 5 Hours Playback Active Noise cancellation IPX4(Splash & Sweat Proof) Assorted,66.39
2026-08-17T16:10:16Z,164,Sony WF-C710N True Wireless Earbuds | Dual Noise Cancelling | AI Call Quality | Up to 40 Hours Playback | Bluetooth v5.3 (Blue),349,Vertical9 Wireless Bluetooth Bluetooth Headphone Over Ear 6 Hours Playback Active Noise cancellation IPX4(Splash & Sweat Proof) Multicolor,60.33
2026-08-17T16:10:16Z,164,Sony WF-C710N True Wireless Earbuds | Dual Noise Cancelling | AI Call Quality | Up to 40 Hours Playback | Bluetooth v5.3 (Blue),350,Neo P9 Bluetooth Bluetooth Headphone On Ear 2 Hours Playback Active Noise cancellation IPX4(Splash & Sweat Proof),59.91
2026-08-17T16:10:16Z,164,Sony WF-C710N True Wireless Earbuds | Dual Noise Cancelling | AI Call Quality | Up to 40 Hours Playback | Bluetooth v5.3 (Blue),353,OLIVEOPS P9 Green Headphones Bluetooth Bluetooth Headphone On Ear 4 Hours Playback Active Noise cancellation IPX4(Splash & Sweat Proof) Green,56.9
2026-08-17T16:10:16Z,164,Sony WF-C710N True Wireless Earbuds | Dual Noise Cancelling | AI Call Quality | Up to 40 Hours Playback | Bluetooth v5.3 (Blue),354,Neo A1 PLUS Bluetooth Bluetooth Neckband On Ear 40 Hours Playback Active Noise cancellation IPX4(Splash & Sweat Proof) Green,58.77
2026-08-17T16:10:16Z,164,Sony WF-C710N True Wireless Earbuds | Dual Noise Cancelling | AI Call Quality | Up to 40 Hours Playback | Bluetooth v5.3 (Blue),355,Neo AREAL MEE Bluetooth Bluetooth Neckband On Ear 30 Hours Playback Active Noise cancellation IPX4(Splash & Sweat Proof) Black,60.0
2026-08-17T16:10:16Z,164,Sony WF-C710N True Wireless Earbuds | Dual Noise Cancelling | AI Call Quality | Up to 40 Hours Playback | Bluetooth v5.3 (Blue),356,Neo P9 Bluetooth Bluetooth Headphone On Ear 2 Hours Playback Active Noise cancellation IPX4(Splash & Sweat Proof) White,60.09
2026-08-17T16:10:16Z,164,Sony WF-C710N True Wireless Earbuds | Dual Noise Cancelling | AI Call Quality | Up to 40 Hours Playback | Bluetooth v5.3 (Blue),357,OLIVEOPS P9 Black Headphones Bluetooth Bluetooth Headphone On Ear 4 Hours Playback Active Noise cancellation IPX4(Splash & Sweat Proof) Black,58.58
2026-08-17T16:10:16Z,164,Sony WF-C710N True Wireless Earbuds | Dual Noise Cancelling | AI Call Quality | Up to 40 Hours Playback | Bluetooth v5.3 (Blue),358,Neo SH 12 On Ear Bluetooth Headphone 8 Hours Playback IPX4(Splash & Sweat Proof) Active Noise cancellation -Bluetooth Black,60.18
2026-08-17T16:10:16Z,164,Sony WF-C710N True Wireless Earbuds | Dual Noise Cancelling | AI Call Quality | Up to 40 Hours Playback | Bluetooth v5.3 (Blue),359,"COREGENIX JS270 Bluetooth True Wireless (TWS) On Ear 30 Hours Playback Low Latency,Powerfull bass IPX5(Splash & Sweat Proof) White",58.68
2026-08-17T16:10:16Z,164,Sony WF-C710N True Wireless Earbuds | Dual Noise Cancelling | AI Call Quality | Up to 40 Hours Playback | Bluetooth v5.3 (Blue),360,Neo P9 Bluetooth Bluetooth Headphone On Ear 2 Hours Playback Active Noise cancellation IPX4(Splash & Sweat Proof) Green,58.3
2026-08-17T16:10:16Z,164,Sony WF-C710N True Wireless Earbuds | Dual Noise Cancelling | AI Call Quality | Up to 40 Hours Playback | Bluetooth v5.3 (Blue),361,Vertical9 Long Backup Bluetooth Bluetooth Headphone Over Ear 6 Hours Playback Active Noise cancellation IPX4(Splash & Sweat Proof) Multicolor,57.96
2026-08-17T16:10:16Z,164,Sony WF-C710N True Wireless Earbuds | Dual Noise Cancelling | AI Call Quality | Up to 40 Hours Playback | Bluetooth v5.3 (Blue),362,Neo N888 EARBUDS Bluetooth True Wireless (TWS) On Ear 4 Hours Playback Active Noise cancellation IPX4(Splash & Sweat Proof) Blue,71.67
2026-08-17T16:10:16Z,164,Sony WF-C710N True Wireless Earbuds | Dual Noise Cancelling | AI Call Quality | Up to 40 Hours Playback | Bluetooth v5.3 (Blue),364,"TWS Wireless Bluetooth Earbuds, TWS Earbuds, Headphone Bluetooth, earbuds under 300",68.42
2026-08-17T16:10:16Z,164,Sony WF-C710N True Wireless Earbuds | Dual Noise Cancelling | AI Call Quality | Up to 40 Hours Playback | Bluetooth v5.3 (Blue),365,"COREGENIX BQ40 Bluetooth True Wireless (TWS) In Ear 30 Hours Playback Magnetic earpeice,Low Latency IPX4(Splash & Sweat Proof) Black",59.84
2026-08-17T16:10:16Z,165,Sony WF-C710N True Wireless Earbuds | Dual Noise Cancelling | AI Call Quality | Up to 40 Hours Playback | Bluetooth v5.3 (Black),346,Neo HEDU SH12 Bluetooth Bluetooth Headphone On Ear 2 Hours Playback Active Noise cancellation IPX4(Splash & Sweat Proof) White,58.01
2026-08-17T16:10:16Z,165,Sony WF-C710N True Wireless Earbuds | Dual Noise Cancelling | AI Call Quality | Up to 40 Hours Playback | Bluetooth v5.3 (Black),348,Neo BT 700 Bluetooth True Wireless (TWS) On Ear 5 Hours Playback Active Noise cancellation IPX4(Splash & Sweat Proof) Assorted,66.11
2026-08-17T16:10:16Z,165,Sony WF-C710N True Wireless Earbuds | Dual Noise Cancelling | AI Call Quality | Up to 40 Hours Playback | Bluetooth v5.3 (Black),349,Vertical9 Wireless Bluetooth Bluetooth Headphone Over Ear 6 Hours Playback Active Noise cancellation IPX4(Splash & Sweat Proof) Multicolor,59.26
2026-08-17T16:10:16Z,165,Sony WF-C710N True Wireless Earbuds | Dual Noise Cancelling | AI Call Quality | Up to 40 Hours Playback | Bluetooth v5.3 (Black),350,Neo P9 Bluetooth Bluetooth Headphone On Ear 2 Hours Playback Active Noise cancellation IPX4(Splash & Sweat Proof),58.72
2026-08-17T16:10:16Z,165,Sony WF-C710N True Wireless Earbuds | Dual Noise Cancelling | AI Call Quality | Up to 40 Hours Playback | Bluetooth v5.3 (Black),353,OLIVEOPS P9 Green Headphones Bluetooth Bluetooth Headphone On Ear 4 Hours Playback Active Noise cancellation IPX4(Splash & Sweat Proof) Green,55.83
2026-08-17T16:10:16Z,165,Sony WF-C710N True Wireless Earbuds | Dual Noise Cancelling | AI Call Quality | Up to 40 Hours Playback | Bluetooth v5.3 (Black),354,Neo A1 PLUS Bluetooth Bluetooth Neckband On Ear 40 Hours Playback Active Noise cancellation IPX4(Splash & Sweat Proof) Green,58.52
2026-08-17T16:10:16Z,165,Sony WF-C710N True Wireless Earbuds | Dual Noise Cancelling | AI Call Quality | Up to 40 Hours Playback | Bluetooth v5.3 (Black),355,Neo AREAL MEE Bluetooth Bluetooth Neckband On Ear 30 Hours Playback Active Noise cancellation IPX4(Splash & Sweat Proof) Black,63.2
2026-08-17T16:10:16Z,165,Sony WF-C710N True Wireless Earbuds | Dual Noise Cancelling | AI Call Quality | Up to 40 Hours Playback | Bluetooth v5.3 (Black),356,Neo P9 Bluetooth Bluetooth Headphone On Ear 2 Hours Playback Active Noise cancellation IPX4(Splash & Sweat Proof) White,58.93
2026-08-17T16:10:16Z,165,Sony WF-C710N True Wireless Earbuds | Dual Noise Cancelling | AI Call Quality | Up to 40 Hours Playback | Bluetooth v5.3 (Black),357,OLIVEOPS P9 Black Headphones Bluetooth Bluetooth Headphone On Ear 4 Hours Playback Active Noise cancellation IPX4(Splash & Sweat Proof) Black,60.0
2026-08-17T16:10:16Z,165,Sony WF-C710N True Wireless Earbuds | Dual Noise Cancelling | AI Call Quality | Up to 40 Hours Playback | Bluetooth v5.3 (Black),358,Neo SH 12 On Ear Bluetooth Headphone 8 Hours Playback IPX4(Splash & Sweat Proof) Active Noise cancellation -Bluetooth Black,61.67
2026-08-17T16:10:16Z,165,Sony WF-C710N True Wireless Earbuds | Dual Noise Cancelling | AI Call Quality | Up to 40 Hours Playback | Bluetooth v5.3 (Black),359,"COREGENIX JS270 Bluetooth True Wireless (TWS) On Ear 30 Hours Playback Low Latency,Powerfull bass IPX5(Splash & Sweat Proof) White",58.44
2026-08-17T16:10:16Z,165,Sony WF-C710N True Wireless Earbuds | Dual Noise Cancelling | AI Call Quality | Up to 40 Hours Playback | Bluetooth v5.3 (Black),360,Neo P9 Bluetooth Bluetooth Headphone On Ear 2 Hours Playback Active Noise cancellation IPX4(Splash & Sweat Proof) Green,57.14
2026-08-17T16:10:16Z,165,Sony WF-C710N True Wireless Earbuds | Dual Noise Cancelling | AI Call Quality | Up to 40 Hours Playback | Bluetooth v5.3 (Black),361,Vertical9 Long Backup Bluetooth Bluetooth Headphone Over Ear 6 Hours Playback Active Noise cancellation IPX4(Splash & Sweat Proof) Multicolor,59.35
2026-08-17T16:10:16Z,165,Sony WF-C710N True Wireless Earbuds | Dual Noise Cancelling | AI Call Quality | Up to 40 Hours Playback | Bluetooth v5.3 (Black),362,Neo N888 EARBUDS Bluetooth True Wireless (TWS) On Ear 4 Hours Playback Active Noise cancellation IPX4(Splash & Sweat Proof) Blue,69.71
2026-08-17T16:10:16Z,165,Sony WF-C710N True Wireless Earbuds | Dual Noise Cancelling | AI Call Quality | Up to 40 Hours Playback | Bluetooth v5.3 (Black),364,"TWS Wireless Bluetooth Earbuds, TWS Earbuds, Headphone Bluetooth, earbuds under 300",68.42
2026-08-17T16:10:16Z,165,Sony WF-C710N True Wireless Earbuds | Dual Noise Cancelling | AI Call Quality | Up to 40 Hours Playback | Bluetooth v5.3 (Black),365,"COREGENIX BQ40 Bluetooth True Wireless (TWS) In Ear 30 Hours Playback Magnetic earpeice,Low Latency IPX4(Splash & Sweat Proof) Black",62.04
2026-08-17T16:10:16Z,171,Zebronics Sound Feast 270 Portable Bluetooth Speaker | 60W RMS | TWS | Splash Proof (Grey Plus Silver),348,Neo BT 700 Bluetooth True Wireless (TWS) On Ear 5 Hours Playback Active Noise cancellation IPX4(Splash & Sweat Proof) Assorted,56.74
2026-08-17T16:10:16Z,172,Zebronics Sound Feast 270 Portable Bluetooth Speaker | 60W RMS | TWS | Splash Proof (Silver Plus Orange),348,Neo BT 700 Bluetooth True Wireless (TWS) On Ear 5 Hours Playback Active Noise cancellation IPX4(Splash & Sweat Proof) Assorted,56.22
2026-08-17T16:10:16Z,172,Zebronics Sound Feast 270 Portable Bluetooth Speaker | 60W RMS | TWS | Splash Proof (Silver Plus Orange),354,Neo A1 PLUS Bluetooth Bluetooth Neckband On Ear 40 Hours Playback Active Noise cancellation IPX4(Splash & Sweat Proof) Green,55.07
2026-08-17T16:10:16Z,176,OnePlus Nord Buds 3 Pro True Wireless Earbuds | 49dB ANC | 12.4mm Dynamic Driver | Up to 44 Hours Playback (Starry Black),362,Neo N888 EARBUDS Bluetooth True Wireless (TWS) On Ear 4 Hours Playback Active Noise cancellation IPX4(Splash & Sweat Proof) Blue,58.47
2026-08-17T16:10:16Z,176,OnePlus Nord Buds 3 Pro True Wireless Earbuds | 49dB ANC | 12.4mm Dynamic Driver | Up to 44 Hours Playback (Starry Black),365,"COREGENIX BQ40 Bluetooth True Wireless (TWS) In Ear 30 Hours Playback Magnetic earpeice,Low Latency IPX4(Splash & Sweat Proof) Black",55.83
2026-08-17T16:10:16Z,177,OnePlus Nord Buds 3 Pro True Wireless Earbuds | 49dB ANC | 12.4mm Dynamic Driver | Up to 44 Hours Playback (Soft Jade),359,"COREGENIX JS270 Bluetooth True Wireless (TWS) On Ear 30 Hours Playback Low Latency,Powerfull bass IPX5(Splash & Sweat Proof) White",56.17
2026-08-17T16:10:16Z,177,OnePlus Nord Buds 3 Pro True Wireless Earbuds | 49dB ANC | 12.4mm Dynamic Driver | Up to 44 Hours Playback (Soft Jade),362,Neo N888 EARBUDS Bluetooth True Wireless (TWS) On Ear 4 Hours Playback Active Noise cancellation IPX4(Splash & Sweat Proof) Blue,58.37
2026-08-17T16:10:16Z,178,CMF Buds Pro 2 True Wireless Earbuds | Hybrid Dual Drivers | 50dB Smart ANC | Bluetooth v5.4 (Pink),351,M19 Bluetooth 5.1 Earbuds in-Ear TWS Stereo Headphones with Smart LED,56.25
2026-08-17T16:10:16Z,178,CMF Buds Pro 2 True Wireless Earbuds | Hybrid Dual Drivers | 50dB Smart ANC | Bluetooth v5.4 (Pink),362,Neo N888 EARBUDS Bluetooth True Wireless (TWS) On Ear 4 Hours Playback Active Noise cancellation IPX4(Splash & Sweat Proof) Blue,57.01
2026-08-17T16:10:16Z,178,CMF Buds Pro 2 True Wireless Earbuds | Hybrid Dual Drivers | 50dB Smart ANC | Bluetooth v5.4 (Pink),364,"TWS Wireless Bluetooth Earbuds, TWS Earbuds, Headphone Bluetooth, earbuds under 300",68.42
2026-08-17T16:10:16Z,179,CMF Buds Pro 2 True Wireless Earbuds | Hybrid Dual Drivers | 50dB Smart ANC | Bluetooth v5.4 (Dark Grey),351,M19 Bluetooth 5.1 Earbuds in-Ear TWS Stereo Headphones with Smart LED,55.76
2026-08-17T16:10:16Z,179,CMF Buds Pro 2 True Wireless Earbuds | Hybrid Dual Drivers | 50dB Smart ANC | Bluetooth v5.4 (Dark Grey),362,Neo N888 EARBUDS Bluetooth True Wireless (TWS) On Ear 4 Hours Playback Active Noise cancellation IPX4(Splash & Sweat Proof) Blue,56.62
2026-08-17T16:10:16Z,179,CMF Buds Pro 2 True Wireless Earbuds | Hybrid Dual Drivers | 50dB Smart ANC | Bluetooth v5.4 (Dark Grey),364,"TWS Wireless Bluetooth Earbuds, TWS Earbuds, Headphone Bluetooth, earbuds under 300",68.42
2026-08-17T16:10:16Z,180,CMF Buds Pro 2 True Wireless Earbuds | Hybrid Dual Drivers | 50dB Smart ANC | Bluetooth v5.4 (Light Grey),351,M19 Bluetooth 5.1 Earbuds in-Ear TWS Stereo Headphones with Smart LED,55.42
2026-08-17T16:10:16Z,180,CMF Buds Pro 2 True Wireless Earbuds | Hybrid Dual Drivers | 50dB Smart ANC | Bluetooth v5.4 (Light Grey),362,Neo N888 EARBUDS Bluetooth True Wireless (TWS) On Ear 4 Hours Playback Active Noise cancellation IPX4(Splash & Sweat Proof) Blue,55.45
2026-08-17T16:10:16Z,180,CMF Buds Pro 2 True Wireless Earbuds | Hybrid Dual Drivers | 50dB Smart ANC | Bluetooth v5.4 (Light Grey),364,"TWS Wireless Bluetooth Earbuds, TWS Earbuds, Headphone Bluetooth, earbuds under 300",68.42
2026-08-17T16:10:16Z,181,CMF Buds Pro 2 True Wireless Earbuds | Hybrid Dual Drivers | 50dB Smart ANC | Bluetooth v5.4 (Green),351,M19 Bluetooth 5.1 Earbuds in-Ear TWS Stereo Headphones with Smart LED,57.14
2026-08-17T16:10:16Z,181,CMF Buds Pro 2 True Wireless Earbuds | Hybrid Dual Drivers | 50dB Smart ANC | Bluetooth v5.4 (Green),362,Neo N888 EARBUDS Bluetooth True Wireless (TWS) On Ear 4 Hours Playback Active Noise cancellation IPX4(Splash & Sweat Proof) Blue,57.67
2026-08-17T16:10:16Z,181,CMF Buds Pro 2 True Wireless Earbuds | Hybrid Dual Drivers | 50dB Smart ANC | Bluetooth v5.4 (Green),364,"TWS Wireless Bluetooth Earbuds, TWS Earbuds, Headphone Bluetooth, earbuds under 300",68.42
2026-08-17T16:10:16Z,190,Samsung Galaxy Watch Ultra 2 LTE Smartwatch | 47mm Super AMOLED Display | Wear OS | 64GB Storage (Titanium Silver),369,"T500 Smart Watch with Bluetooth Calling and Super AMOLED Display pack of 1 Smartwatch  (Black Strap, Free)",61.54
2026-08-17T16:10:16Z,190,Samsung Galaxy Watch Ultra 2 LTE Smartwatch | 47mm Super AMOLED Display | Wear OS | 64GB Storage (Titanium Silver),372,HEDU ALOMED Ultra Max Smart Watch 24k Gold 2.01 Inch HD Smartwatch Smart Watch | Sleep Monitor | Distance Tracker | Calendaring | Sedentary,56.0
2026-08-17T16:10:16Z,190,Samsung Galaxy Watch Ultra 2 LTE Smartwatch | 47mm Super AMOLED Display | Wear OS | 64GB Storage (Titanium Silver),375,"OLIVE OPS Ultra Max Golden Edition Smartwatch | Heart Rate | Steps | Wireless Charging Smartwatch (Golden Strap, 2.09 Inch Big Sunlight Proof Display)",55.02
2026-08-17T16:10:16Z,190,Samsung Galaxy Watch Ultra 2 LTE Smartwatch | 47mm Super AMOLED Display | Wear OS | 64GB Storage (Titanium Silver),376,HEDU Ultra Max Smart Watch 24k Gold 2.01 Inch HD Smartwatch Smart Watch | Sleep Monitor | Distance Tracker | Calendaring | Sedentar,57.14
2026-08-17T16:10:16Z,190,Samsung Galaxy Watch Ultra 2 LTE Smartwatch | 47mm Super AMOLED Display | Wear OS | 64GB Storage (Titanium Silver),377,T800 ULTRA Smart Watch No sim card Opetion Smartwatch NO sim card Smartwatch Smartwatch,58.67
2026-08-17T16:10:16Z,191,Samsung Galaxy Watch 9 44mm LTE Smartwatch | Super AMOLED Display | 32GB Storage (Silver),369,"T500 Smart Watch with Bluetooth Calling and Super AMOLED Display pack of 1 Smartwatch  (Black Strap, Free)",61.67
2026-08-17T16:10:16Z,192,Samsung Galaxy Watch 9 44mm Bluetooth Smartwatch | Super AMOLED Display | 32GB Storage (Silver),367,GMPex Ultra Smartwatch with 7 Straps Calling Bluetooth Fitness,56.95
2026-08-17T16:10:16Z,192,Samsung Galaxy Watch 9 44mm Bluetooth Smartwatch | Super AMOLED Display | 32GB Storage (Silver),369,"T500 Smart Watch with Bluetooth Calling and Super AMOLED Display pack of 1 Smartwatch  (Black Strap, Free)",69.12
2026-08-17T16:10:16Z,192,Samsung Galaxy Watch 9 44mm Bluetooth Smartwatch | Super AMOLED Display | 32GB Storage (Silver),380,QItmirMKT Ultra Smartwatch Calling Bluetooth Fitness with Golden & Balck Strap,56.97
2026-08-17T16:10:16Z,192,Samsung Galaxy Watch 9 44mm Bluetooth Smartwatch | Super AMOLED Display | 32GB Storage (Silver),381,GMPex Ultra Smartwatch Calling Bluetooth Fitness with Golden & Black Strap,58.39
2026-08-17T16:10:16Z,193,Samsung Galaxy Watch 9 40mm LTE Smartwatch | Super AMOLED Display | 32GB Storage (Cream),369,"T500 Smart Watch with Bluetooth Calling and Super AMOLED Display pack of 1 Smartwatch  (Black Strap, Free)",62.18
2026-08-17T16:10:16Z,194,Samsung Galaxy Watch 9 40mm Bluetooth Smartwatch | Super AMOLED Display | 32GB Storage (Cream),367,GMPex Ultra Smartwatch with 7 Straps Calling Bluetooth Fitness,56.0
2026-08-17T16:10:16Z,194,Samsung Galaxy Watch 9 40mm Bluetooth Smartwatch | Super AMOLED Display | 32GB Storage (Cream),369,"T500 Smart Watch with Bluetooth Calling and Super AMOLED Display pack of 1 Smartwatch  (Black Strap, Free)",69.63
2026-08-17T16:10:16Z,194,Samsung Galaxy Watch 9 40mm Bluetooth Smartwatch | Super AMOLED Display | 32GB Storage (Cream),380,QItmirMKT Ultra Smartwatch Calling Bluetooth Fitness with Golden & Balck Strap,57.32
2026-08-17T16:10:16Z,194,Samsung Galaxy Watch 9 40mm Bluetooth Smartwatch | Super AMOLED Display | 32GB Storage (Cream),381,GMPex Ultra Smartwatch Calling Bluetooth Fitness with Golden & Black Strap,57.5
2026-08-17T16:10:16Z,195,Samsung Galaxy Watch Ultra 2 LTE Smartwatch | 47mm Super AMOLED Display | Wear OS | 64GB Storage (Titanium Gray),368,"SKYRISE Ultra Max Golden Edition Smartwatch | Heart Rate | Steps | Wireless Charging Smartwatch (Golden Strap, 2.09 Inch Big Sunlight Proof Display)",55.11
2026-08-17T16:10:16Z,195,Samsung Galaxy Watch Ultra 2 LTE Smartwatch | 47mm Super AMOLED Display | Wear OS | 64GB Storage (Titanium Gray),369,"T500 Smart Watch with Bluetooth Calling and Super AMOLED Display pack of 1 Smartwatch  (Black Strap, Free)",61.17
2026-08-17T16:10:16Z,195,Samsung Galaxy Watch Ultra 2 LTE Smartwatch | 47mm Super AMOLED Display | Wear OS | 64GB Storage (Titanium Gray),372,HEDU ALOMED Ultra Max Smart Watch 24k Gold 2.01 Inch HD Smartwatch Smart Watch | Sleep Monitor | Distance Tracker | Calendaring | Sedentary,55.61
2026-08-17T16:10:16Z,195,Samsung Galaxy Watch Ultra 2 LTE Smartwatch | 47mm Super AMOLED Display | Wear OS | 64GB Storage (Titanium Gray),376,HEDU Ultra Max Smart Watch 24k Gold 2.01 Inch HD Smartwatch Smart Watch | Sleep Monitor | Distance Tracker | Calendaring | Sedentar,56.74
2026-08-17T16:10:16Z,195,Samsung Galaxy Watch Ultra 2 LTE Smartwatch | 47mm Super AMOLED Display | Wear OS | 64GB Storage (Titanium Gray),377,T800 ULTRA Smart Watch No sim card Opetion Smartwatch NO sim card Smartwatch Smartwatch,58.67
2026-08-17T16:10:16Z,196,Samsung Galaxy Watch 9 44mm LTE Smartwatch | Super AMOLED Display | 32GB Storage (Graphite),369,"T500 Smart Watch with Bluetooth Calling and Super AMOLED Display pack of 1 Smartwatch  (Black Strap, Free)",60.66
2026-08-17T16:10:16Z,197,Samsung Galaxy Watch 9 44mm Bluetooth Smartwatch | Super AMOLED Display | 32GB Storage (Graphite),367,GMPex Ultra Smartwatch with 7 Straps Calling Bluetooth Fitness,58.82
2026-08-17T16:10:16Z,197,Samsung Galaxy Watch 9 44mm Bluetooth Smartwatch | Super AMOLED Display | 32GB Storage (Graphite),369,"T500 Smart Watch with Bluetooth Calling and Super AMOLED Display pack of 1 Smartwatch  (Black Strap, Free)",68.12
2026-08-17T16:10:16Z,197,Samsung Galaxy Watch 9 44mm Bluetooth Smartwatch | Super AMOLED Display | 32GB Storage (Graphite),380,QItmirMKT Ultra Smartwatch Calling Bluetooth Fitness with Golden & Balck Strap,56.29
2026-08-17T16:10:16Z,197,Samsung Galaxy Watch 9 44mm Bluetooth Smartwatch | Super AMOLED Display | 32GB Storage (Graphite),381,GMPex Ultra Smartwatch Calling Bluetooth Fitness with Golden & Black Strap,57.67
2026-08-17T16:10:16Z,198,Samsung Galaxy Watch 9 40mm LTE Smartwatch | Super AMOLED Display | 32GB Storage (Graphite),369,"T500 Smart Watch with Bluetooth Calling and Super AMOLED Display pack of 1 Smartwatch  (Black Strap, Free)",60.66
2026-08-17T16:10:16Z,199,Samsung Galaxy Watch 9 40mm Bluetooth Smartwatch | Super AMOLED Display | 32GB Storage (Graphite),367,GMPex Ultra Smartwatch with 7 Straps Calling Bluetooth Fitness,58.82
2026-08-17T16:10:16Z,199,Samsung Galaxy Watch 9 40mm Bluetooth Smartwatch | Super AMOLED Display | 32GB Storage (Graphite),369,"T500 Smart Watch with Bluetooth Calling and Super AMOLED Display pack of 1 Smartwatch  (Black Strap, Free)",68.12
2026-08-17T16:10:16Z,199,Samsung Galaxy Watch 9 40mm Bluetooth Smartwatch | Super AMOLED Display | 32GB Storage (Graphite),380,QItmirMKT Ultra Smartwatch Calling Bluetooth Fitness with Golden & Balck Strap,56.29
2026-08-17T16:10:16Z,199,Samsung Galaxy Watch 9 40mm Bluetooth Smartwatch | Super AMOLED Display | 32GB Storage (Graphite),381,GMPex Ultra Smartwatch Calling Bluetooth Fitness with Golden & Black Strap,57.67
2026-08-17T16:10:16Z,200,Redmi Watch Move Smartwatch with 1.85 Inch AMOLED Display | Bluetooth Calling | 140+ Sports Modes | Up to 14 Days Battery | HyperOS (Blue Blaze),369,"T500 Smart Watch with Bluetooth Calling and Super AMOLED Display pack of 1 Smartwatch  (Black Strap, Free)",70.89
2026-08-17T16:10:16Z,200,Redmi Watch Move Smartwatch with 1.85 Inch AMOLED Display | Bluetooth Calling | 140+ Sports Modes | Up to 14 Days Battery | HyperOS (Blue Blaze),378,Lorenz Soft Silicone Waterproof Smartwatch Strap for watch| Replacement Sports Band (Compatible with 42/44/45/49mm)– Blue,56.0
2026-08-17T16:10:16Z,201,Redmi Watch Move Smartwatch with 1.85 Inch AMOLED Display | Bluetooth Calling | 140+ Sports Modes | Up to 14 Days Battery | HyperOS (Drift Black),369,"T500 Smart Watch with Bluetooth Calling and Super AMOLED Display pack of 1 Smartwatch  (Black Strap, Free)",75.61
2026-08-17T16:10:16Z,201,Redmi Watch Move Smartwatch with 1.85 Inch AMOLED Display | Bluetooth Calling | 140+ Sports Modes | Up to 14 Days Battery | HyperOS (Drift Black),371,"OLIVE OPS Sports Edition Smartwatch | Heart Rate | Steps | Wireless Charging Smartwatch (Black-Grey Strap, 1.73 Inch Big Sunlight Proof Display)",56.59
2026-08-17T16:10:16Z,201,Redmi Watch Move Smartwatch with 1.85 Inch AMOLED Display | Bluetooth Calling | 140+ Sports Modes | Up to 14 Days Battery | HyperOS (Drift Black),374,"SKYRISE Sports Edition Smartwatch | Heart Rate | Steps | Wireless Charging Smartwatch (Black Strap, 1.73 Inch Big Sunlight Proof Display)",56.57
2026-08-17T16:10:16Z,201,Redmi Watch Move Smartwatch with 1.85 Inch AMOLED Display | Bluetooth Calling | 140+ Sports Modes | Up to 14 Days Battery | HyperOS (Drift Black),379,Lorenz Soft Silicone Waterproof Smartwatch Strap for watch| Replacement Sports Band (Compatible with 42/44/45/49mm)– Black,56.35
2026-08-17T16:10:16Z,202,"Noise Alt Watch 1 Smartwatch | 1.32"" AMOLED Display | Built-in GPS | Noise AI | Bluetooth Calling | Up to 15 Days Battery (Chosen Green)",369,"T500 Smart Watch with Bluetooth Calling and Super AMOLED Display pack of 1 Smartwatch  (Black Strap, Free)",66.67
2026-08-17T16:10:16Z,203,"Noise Alt Watch 1 Smartwatch | 1.32"" AMOLED Display | Built-in GPS | Noise AI | Bluetooth Calling | Up to 15 Days Battery (Chosen Black)",369,"T500 Smart Watch with Bluetooth Calling and Super AMOLED Display pack of 1 Smartwatch  (Black Strap, Free)",71.7
2026-08-17T16:10:16Z,206,"Noise Halo 3 Smartwatch | 1.43"" AMOLED Display | AI Pro | AI Transcription | 7-Day Battery (Rich Black)",369,"T500 Smart Watch with Bluetooth Calling and Super AMOLED Display pack of 1 Smartwatch  (Black Strap, Free)",58.64
2026-08-17T16:10:16Z,206,"Noise Halo 3 Smartwatch | 1.43"" AMOLED Display | AI Pro | AI Transcription | 7-Day Battery (Rich Black)",371,"OLIVE OPS Sports Edition Smartwatch | Heart Rate | Steps | Wireless Charging Smartwatch (Black-Grey Strap, 1.73 Inch Big Sunlight Proof Display)",56.34
2026-08-17T16:10:16Z,206,"Noise Halo 3 Smartwatch | 1.43"" AMOLED Display | AI Pro | AI Transcription | 7-Day Battery (Rich Black)",374,"SKYRISE Sports Edition Smartwatch | Heart Rate | Steps | Wireless Charging Smartwatch (Black Strap, 1.73 Inch Big Sunlight Proof Display)",55.34
2026-08-17T16:10:16Z,207,"Fastrack Limitless FS2 Smartwatch | 1.91"" Super UltraVU Display | Bluetooth Calling | 100+ Sports Modes | IP68 (Gold Black)",369,"T500 Smart Watch with Bluetooth Calling and Super AMOLED Display pack of 1 Smartwatch  (Black Strap, Free)",65.79
2026-08-17T16:10:16Z,207,"Fastrack Limitless FS2 Smartwatch | 1.91"" Super UltraVU Display | Bluetooth Calling | 100+ Sports Modes | IP68 (Gold Black)",370,"SKYRISE Limited Edition Smartwatch | Heart Rate | Steps | Wireless Charging Smartwatch (Black Strap, 2.09 Inch Big Sunlight Proof Display)",55.02
2026-08-17T16:10:16Z,207,"Fastrack Limitless FS2 Smartwatch | 1.91"" Super UltraVU Display | Bluetooth Calling | 100+ Sports Modes | IP68 (Gold Black)",371,"OLIVE OPS Sports Edition Smartwatch | Heart Rate | Steps | Wireless Charging Smartwatch (Black-Grey Strap, 1.73 Inch Big Sunlight Proof Display)",56.17
2026-08-17T16:10:16Z,207,"Fastrack Limitless FS2 Smartwatch | 1.91"" Super UltraVU Display | Bluetooth Calling | 100+ Sports Modes | IP68 (Gold Black)",374,"SKYRISE Sports Edition Smartwatch | Heart Rate | Steps | Wireless Charging Smartwatch (Black Strap, 1.73 Inch Big Sunlight Proof Display)",56.14
2026-08-17T16:10:16Z,207,"Fastrack Limitless FS2 Smartwatch | 1.91"" Super UltraVU Display | Bluetooth Calling | 100+ Sports Modes | IP68 (Gold Black)",380,QItmirMKT Ultra Smartwatch Calling Bluetooth Fitness with Golden & Balck Strap,60.96
2026-08-17T16:10:16Z,208,Fastrack Reflex Play Smartwatch | AMOLED Display | 25+ Sports Modes | Health Monitoring | IP68 Water Resistant (Azure Blue),369,"T500 Smart Watch with Bluetooth Calling and Super AMOLED Display pack of 1 Smartwatch  (Black Strap, Free)",57.94
2026-08-17T16:10:16Z,208,Fastrack Reflex Play Smartwatch | AMOLED Display | 25+ Sports Modes | Health Monitoring | IP68 Water Resistant (Azure Blue),374,"SKYRISE Sports Edition Smartwatch | Heart Rate | Steps | Wireless Charging Smartwatch (Black Strap, 1.73 Inch Big Sunlight Proof Display)",55.02
2026-08-17T16:10:16Z,209,"boAt Ultima Summit Smartwatch | 1.43"" AMOLED Display | Bluetooth Calling | 100+ Sports Modes | SOS (Onyx Black)",369,"T500 Smart Watch with Bluetooth Calling and Super AMOLED Display pack of 1 Smartwatch  (Black Strap, Free)",69.65
2026-08-17T16:10:16Z,209,"boAt Ultima Summit Smartwatch | 1.43"" AMOLED Display | Bluetooth Calling | 100+ Sports Modes | SOS (Onyx Black)",371,"OLIVE OPS Sports Edition Smartwatch | Heart Rate | Steps | Wireless Charging Smartwatch (Black-Grey Strap, 1.73 Inch Big Sunlight Proof Display)",57.4
2026-08-17T16:10:16Z,209,"boAt Ultima Summit Smartwatch | 1.43"" AMOLED Display | Bluetooth Calling | 100+ Sports Modes | SOS (Onyx Black)",374,"SKYRISE Sports Edition Smartwatch | Heart Rate | Steps | Wireless Charging Smartwatch (Black Strap, 1.73 Inch Big Sunlight Proof Display)",58.33
2026-08-17T16:10:16Z,209,"boAt Ultima Summit Smartwatch | 1.43"" AMOLED Display | Bluetooth Calling | 100+ Sports Modes | SOS (Onyx Black)",380,QItmirMKT Ultra Smartwatch Calling Bluetooth Fitness with Golden & Balck Strap,59.43
2026-08-17T16:10:16Z,209,"boAt Ultima Summit Smartwatch | 1.43"" AMOLED Display | Bluetooth Calling | 100+ Sports Modes | SOS (Onyx Black)",381,GMPex Ultra Smartwatch Calling Bluetooth Fitness with Golden & Black Strap,64.15
2026-08-17T16:10:16Z,211,"boAt Chrome Iris Smartwatch for Women | 1.32"" AMOLED Display | 1000 Nits | Female Wellness Tracking | AOD (Velvet Wine)",368,"SKYRISE Ultra Max Golden Edition Smartwatch | Heart Rate | Steps | Wireless Charging Smartwatch (Golden Strap, 2.09 Inch Big Sunlight Proof Display)",55.9
2026-08-17T16:10:16Z,211,"boAt Chrome Iris Smartwatch for Women | 1.32"" AMOLED Display | 1000 Nits | Female Wellness Tracking | AOD (Velvet Wine)",375,"OLIVE OPS Ultra Max Golden Edition Smartwatch | Heart Rate | Steps | Wireless Charging Smartwatch (Golden Strap, 2.09 Inch Big Sunlight Proof Display)",55.41
2026-08-17T16:10:16Z,212,"boAt Chrome Iris Smartwatch for Women | 1.32"" AMOLED Display | 1000 Nits | Female Wellness Tracking | AOD (Frosted Sky)",368,"SKYRISE Ultra Max Golden Edition Smartwatch | Heart Rate | Steps | Wireless Charging Smartwatch (Golden Strap, 2.09 Inch Big Sunlight Proof Display)",56.77
2026-08-17T16:10:16Z,212,"boAt Chrome Iris Smartwatch for Women | 1.32"" AMOLED Display | 1000 Nits | Female Wellness Tracking | AOD (Frosted Sky)",370,"SKYRISE Limited Edition Smartwatch | Heart Rate | Steps | Wireless Charging Smartwatch (Black Strap, 2.09 Inch Big Sunlight Proof Display)",55.75
2026-08-17T16:10:16Z,212,"boAt Chrome Iris Smartwatch for Women | 1.32"" AMOLED Display | 1000 Nits | Female Wellness Tracking | AOD (Frosted Sky)",371,"OLIVE OPS Sports Edition Smartwatch | Heart Rate | Steps | Wireless Charging Smartwatch (Black-Grey Strap, 1.73 Inch Big Sunlight Proof Display)",55.17
2026-08-17T16:10:16Z,212,"boAt Chrome Iris Smartwatch for Women | 1.32"" AMOLED Display | 1000 Nits | Female Wellness Tracking | AOD (Frosted Sky)",374,"SKYRISE Sports Edition Smartwatch | Heart Rate | Steps | Wireless Charging Smartwatch (Black Strap, 1.73 Inch Big Sunlight Proof Display)",55.11
2026-08-17T16:10:16Z,212,"boAt Chrome Iris Smartwatch for Women | 1.32"" AMOLED Display | 1000 Nits | Female Wellness Tracking | AOD (Frosted Sky)",375,"OLIVE OPS Ultra Max Golden Edition Smartwatch | Heart Rate | Steps | Wireless Charging Smartwatch (Golden Strap, 2.09 Inch Big Sunlight Proof Display)",56.28
2026-08-17T16:10:16Z,212,"boAt Chrome Iris Smartwatch for Women | 1.32"" AMOLED Display | 1000 Nits | Female Wellness Tracking | AOD (Frosted Sky)",382,"SKYRISE Limited Edition Smartwatch | Heart Rate | Steps | Wireless Charging Smartwatch (Navy Blue Strap, 2.09 Inch Big Sunlight Proof Display)",56.52
2026-08-17T16:14:21Z,155,Bose QuietComfort Ultra Wireless Headphones (2nd Gen) | Personalized Audio | Active Noise Cancelling | Up to 30 Hours Playback (Black),355,Neo AREAL MEE Bluetooth Bluetooth Neckband On Ear 30 Hours Playback Active Noise cancellation IPX4(Splash & Sweat Proof) Black,22.02
2026-08-17T16:14:21Z,155,Bose QuietComfort Ultra Wireless Headphones (2nd Gen) | Personalized Audio | Active Noise Cancelling | Up to 30 Hours Playback (Black),357,OLIVEOPS P9 Black Headphones Bluetooth Bluetooth Headphone On Ear 4 Hours Playback Active Noise cancellation IPX4(Splash & Sweat Proof) Black,22.7
2026-08-17T16:14:21Z,164,Sony WF-C710N True Wireless Earbuds | Dual Noise Cancelling | AI Call Quality | Up to 40 Hours Playback | Bluetooth v5.3 (Blue),362,Neo N888 EARBUDS Bluetooth True Wireless (TWS) On Ear 4 Hours Playback Active Noise cancellation IPX4(Splash & Sweat Proof) Blue,20.95
2026-08-17T16:14:21Z,191,Samsung Galaxy Watch 9 44mm LTE Smartwatch | Super AMOLED Display | 32GB Storage (Silver),369,"T500 Smart Watch with Bluetooth Calling and Super AMOLED Display pack of 1 Smartwatch  (Black Strap, Free)",25.0
2026-08-17T16:14:21Z,192,Samsung Galaxy Watch 9 44mm Bluetooth Smartwatch | Super AMOLED Display | 32GB Storage (Silver),369,"T500 Smart Watch with Bluetooth Calling and Super AMOLED Display pack of 1 Smartwatch  (Black Strap, Free)",25.64
2026-08-17T16:14:21Z,193,Samsung Galaxy Watch 9 40mm LTE Smartwatch | Super AMOLED Display | 32GB Storage (Cream),369,"T500 Smart Watch with Bluetooth Calling and Super AMOLED Display pack of 1 Smartwatch  (Black Strap, Free)",25.16
2026-08-17T16:14:21Z,194,Samsung Galaxy Watch 9 40mm Bluetooth Smartwatch | Super AMOLED Display | 32GB Storage (Cream),369,"T500 Smart Watch with Bluetooth Calling and Super AMOLED Display pack of 1 Smartwatch  (Black Strap, Free)",25.31
2026-08-17T16:14:21Z,196,Samsung Galaxy Watch 9 44mm LTE Smartwatch | Super AMOLED Display | 32GB Storage (Graphite),369,"T500 Smart Watch with Bluetooth Calling and Super AMOLED Display pack of 1 Smartwatch  (Black Strap, Free)",25.17
2026-08-17T16:14:21Z,197,Samsung Galaxy Watch 9 44mm Bluetooth Smartwatch | Super AMOLED Display | 32GB Storage (Graphite),369,"T500 Smart Watch with Bluetooth Calling and Super AMOLED Display pack of 1 Smartwatch  (Black Strap, Free)",25.32
2026-08-17T16:14:21Z,198,Samsung Galaxy Watch 9 40mm LTE Smartwatch | Super AMOLED Display | 32GB Storage (Graphite),369,"T500 Smart Watch with Bluetooth Calling and Super AMOLED Display pack of 1 Smartwatch  (Black Strap, Free)",25.17
2026-08-17T16:14:21Z,199,Samsung Galaxy Watch 9 40mm Bluetooth Smartwatch | Super AMOLED Display | 32GB Storage (Graphite),369,"T500 Smart Watch with Bluetooth Calling and Super AMOLED Display pack of 1 Smartwatch  (Black Strap, Free)",25.32
2026-08-17T16:14:21Z,200,Redmi Watch Move Smartwatch with 1.85 Inch AMOLED Display | Bluetooth Calling | 140+ Sports Modes | Up to 14 Days Battery | HyperOS (Blue Blaze),369,"T500 Smart Watch with Bluetooth Calling and Super AMOLED Display pack of 1 Smartwatch  (Black Strap, Free)",20.85
2026-08-17T16:14:21Z,201,Redmi Watch Move Smartwatch with 1.85 Inch AMOLED Display | Bluetooth Calling | 140+ Sports Modes | Up to 14 Days Battery | HyperOS (Drift Black),369,"T500 Smart Watch with Bluetooth Calling and Super AMOLED Display pack of 1 Smartwatch  (Black Strap, Free)",26.53
2026-08-17T16:14:21Z,202,"Noise Alt Watch 1 Smartwatch | 1.32"" AMOLED Display | Built-in GPS | Noise AI | Bluetooth Calling | Up to 15 Days Battery (Chosen Green)",369,"T500 Smart Watch with Bluetooth Calling and Super AMOLED Display pack of 1 Smartwatch  (Black Strap, Free)",21.94
2026-08-17T16:14:21Z,203,"Noise Alt Watch 1 Smartwatch | 1.32"" AMOLED Display | Built-in GPS | Noise AI | Bluetooth Calling | Up to 15 Days Battery (Chosen Black)",369,"T500 Smart Watch with Bluetooth Calling and Super AMOLED Display pack of 1 Smartwatch  (Black Strap, Free)",27.93
2026-08-17T16:14:21Z,206,"Noise Halo 3 Smartwatch | 1.43"" AMOLED Display | AI Pro | AI Transcription | 7-Day Battery (Rich Black)",369,"T500 Smart Watch with Bluetooth Calling and Super AMOLED Display pack of 1 Smartwatch  (Black Strap, Free)",20.58
2026-08-17T16:14:21Z,207,"Fastrack Limitless FS2 Smartwatch | 1.91"" Super UltraVU Display | Bluetooth Calling | 100+ Sports Modes | IP68 (Gold Black)",369,"T500 Smart Watch with Bluetooth Calling and Super AMOLED Display pack of 1 Smartwatch  (Black Strap, Free)",25.64
2026-08-17T16:14:21Z,207,"Fastrack Limitless FS2 Smartwatch | 1.91"" Super UltraVU Display | Bluetooth Calling | 100+ Sports Modes | IP68 (Gold Black)",374,"SKYRISE Sports Edition Smartwatch | Heart Rate | Steps | Wireless Charging Smartwatch (Black Strap, 1.73 Inch Big Sunlight Proof Display)",18.69
2026-08-17T16:14:21Z,209,"boAt Ultima Summit Smartwatch | 1.43"" AMOLED Display | Bluetooth Calling | 100+ Sports Modes | SOS (Onyx Black)",369,"T500 Smart Watch with Bluetooth Calling and Super AMOLED Display pack of 1 Smartwatch  (Black Strap, Free)",27.8
2026-08-17T16:14:21Z,209,"boAt Ultima Summit Smartwatch | 1.43"" AMOLED Display | Bluetooth Calling | 100+ Sports Modes | SOS (Onyx Black)",374,"SKYRISE Sports Edition Smartwatch | Heart Rate | Steps | Wireless Charging Smartwatch (Black Strap, 1.73 Inch Big Sunlight Proof Display)",19.21
